{"cameraMode":{"drawMode":0,"name":"Shaded","section":"Shading Mode"},"sceneLighting":true,"audioPlay":false,"sceneViewState":{"m_AlwaysRefresh":false,"showFog":true,"showSkybox":true,"showFlares":true,"showImageEffects":true,"showParticleSystems":true,"showVisualEffectGraphs":true,"m_FxEnabled":true},"in2DMode":false,"pivot":{"x":1.1880931854248047,"y":1.7035956382751465,"z":404.0617370605469},"rotation":{"x":0.20630912482738496,"y":0.47353315353393557,"z":-0.11512721329927445,"w":0.8485561609268189},"size":7.735965251922607,"orthographic":false}