{"cameraMode":{"drawMode":0,"name":"Shaded","section":"Shading Mode"},"sceneLighting":true,"audioPlay":false,"sceneViewState":{"m_AlwaysRefresh":false,"showFog":true,"showSkybox":true,"showFlares":true,"showImageEffects":true,"showParticleSystems":true,"showVisualEffectGraphs":true,"m_FxEnabled":true},"in2DMode":false,"pivot":{"x":-7.648234844207764,"y":27.030895233154298,"z":4.986982345581055},"rotation":{"x":0.0650358721613884,"y":0.11261982470750809,"z":-0.007395284250378609,"w":0.9914968609809876},"size":13.799144744873047,"orthographic":false}